window_idx,start_frame,end_frame,score
1,0,48,1.8303753641528901
2,314,387,5.459574728211614
3,466,553,12.702038655001886
4,1184,1248,6.286896204420837
5,1346,1412,6.1123011448893365
