window_idx,start_frame,end_frame,score
1,939,995,0.2697613575312553
2,5129,5185,0.38362360234709747
