{
  "audit": {
    "applied": true,
    "audit_row_coverage": 0.78099173553719,
    "audit_row_coverage_positive_id": 0.78099173553719,
    "audit_rows_covered_iou": 378,
    "audit_rows_covered_positive_id": 378,
    "audit_rows_total": 484,
    "gt_people_fragmented_multi_pred_ids": 11,
    "gt_purity_detail": {
      "1": 0.6,
      "10": 0.46153846153846156,
      "11": 0.6,
      "2": 0.9901960784313726,
      "3": 0.5867768595041323,
      "4": 0.5,
      "5": 0.6,
      "6": 0.8484848484848485,
      "7": 0.3695652173913043,
      "8": 0.8636363636363636,
      "9": 0.5
    },
    "gt_to_pred_purity_macro": 0.6291088935442257,
    "pred_purity_detail": {
      "1": 1.0,
      "2": 1.0,
      "3": 0.9901960784313726,
      "4": 0.9655172413793104,
      "8": 1.0,
      "9": 1.0,
      "10": 1.0,
      "14": 1.0,
      "18": 1.0,
      "23": 1.0,
      "24": 1.0,
      "28": 1.0,
      "36": 1.0,
      "38": 0.5483870967741935,
      "42": 0.95,
      "44": 1.0,
      "49": 0.4,
      "52": 0.9047619047619048,
      "53": 1.0,
      "55": 1.0,
      "56": 0.6,
      "58": 1.0,
      "64": 1.0,
      "65": 1.0,
      "71": 0.5454545454545454,
      "74": 1.0,
      "77": 0.8,
      "84": 1.0,
      "87": 1.0
    },
    "pred_to_gt_purity_macro": 0.9208385126483216,
    "predicted_ids_shared_multi_gt_people": 9,
    "same_frame_duplicate_positive_ids": 0,
    "window_max_positive_id": 87,
    "window_unique_positive_id_count": 84
  },
  "summary": {
    "applied": true,
    "max_positive_id": 87,
    "non_canonical_positive_ids": [],
    "positive_rows": 5747,
    "rows_total": 6050,
    "same_frame_duplicate_positive_ids": 0,
    "stable_positive_id_count": 22,
    "stable_positive_ids": [
      1,
      2,
      3,
      4,
      5,
      9,
      10,
      23,
      24,
      27,
      28,
      38,
      42,
      44,
      49,
      52,
      55,
      56,
      65,
      71,
      77,
      84
    ],
    "unique_positive_ids": [
      1,
      2,
      3,
      4,
      5,
      6,
      7,
      8,
      9,
      10,
      11,
      12,
      13,
      14,
      15,
      16,
      17,
      18,
      19,
      20,
      21,
      22,
      23,
      24,
      25,
      26,
      27,
      28,
      29,
      30,
      31,
      32,
      33,
      34,
      35,
      36,
      37,
      38,
      39,
      40,
      41,
      42,
      43,
      44,
      45,
      46,
      47,
      49,
      50,
      51,
      52,
      53,
      54,
      55,
      56,
      57,
      58,
      59,
      60,
      62,
      63,
      64,
      65,
      66,
      67,
      68,
      69,
      71,
      72,
      73,
      74,
      75,
      76,
      77,
      78,
      79,
      80,
      81,
      82,
      83,
      84,
      85,
      86,
      87
    ]
  },
  "table_row": {
    "coverage": 0.78099173553719,
    "fragmentation": 11,
    "method": "BoT-SORT-style online baseline",
    "notes": {
      "audit_rows_covered_positive_id": 378,
      "audit_rows_total": 484,
      "predicted_ids_shared_multi_gt_people": 9,
      "window_max_positive_id": 87,
      "window_unique_positive_id_count": 84
    },
    "positive_ids": 84,
    "positive_rows": 5747,
    "purity": 0.9208385126483216,
    "same_frame_duplicates": 0,
    "tracks_csv": "/Users/ohqishean/AIC-REID/runs/baselines/cam1_botsort_online_20260428_221824/retail-shop_CAM1_tracks.csv"
  }
}