{
  "after_anchor": {
    "canonical_coverage": 0.7217188713435154,
    "per_canonical_rows": {
      "1": 245,
      "2": 1396,
      "3": 83,
      "4": 59,
      "5": 35,
      "6": 62,
      "7": 0,
      "8": 435,
      "9": 443,
      "10": 15,
      "11": 15
    },
    "per_gid_detail": {
      "1": {
        "first": 9,
        "last": 253,
        "rows": 245,
        "span": 245
      },
      "2": {
        "first": 9,
        "last": 1460,
        "rows": 1396,
        "span": 1452
      },
      "3": {
        "first": 32,
        "last": 133,
        "rows": 83,
        "span": 102
      },
      "4": {
        "first": 42,
        "last": 1467,
        "rows": 59,
        "span": 1426
      },
      "5": {
        "first": 63,
        "last": 1206,
        "rows": 35,
        "span": 1144
      },
      "6": {
        "first": 169,
        "last": 272,
        "rows": 62,
        "span": 104
      },
      "8": {
        "first": 499,
        "last": 1731,
        "rows": 435,
        "span": 1233
      },
      "9": {
        "first": 2043,
        "last": 2917,
        "rows": 443,
        "span": 875
      },
      "10": {
        "first": 36,
        "last": 50,
        "rows": 15,
        "span": 15
      },
      "11": {
        "first": 746,
        "last": 760,
        "rows": 15,
        "span": 15
      },
      "12": {
        "first": 258,
        "last": 1352,
        "rows": 1075,
        "span": 1095
      }
    },
    "rows_off_canonical": 1075,
    "rows_on_canonical": 2788,
    "rows_with_positive_gid": 3863,
    "same_frame_duplicate_rows": 0,
    "stable_canonical_count": 8,
    "stable_count": 9,
    "total_rows": 11374,
    "unique_gids": [
      1,
      2,
      3,
      4,
      5,
      6,
      8,
      9,
      10,
      11,
      12
    ],
    "unique_gids_in_canonical": [
      1,
      2,
      3,
      4,
      5,
      6,
      8,
      9,
      10,
      11
    ]
  },
  "after_convergence": {
    "canonical_coverage": 0.7217188713435154,
    "per_canonical_rows": {
      "1": 245,
      "2": 1396,
      "3": 83,
      "4": 59,
      "5": 35,
      "6": 62,
      "7": 0,
      "8": 435,
      "9": 443,
      "10": 15,
      "11": 15
    },
    "per_gid_detail": {
      "1": {
        "first": 9,
        "last": 253,
        "rows": 245,
        "span": 245
      },
      "2": {
        "first": 9,
        "last": 1460,
        "rows": 1396,
        "span": 1452
      },
      "3": {
        "first": 32,
        "last": 133,
        "rows": 83,
        "span": 102
      },
      "4": {
        "first": 42,
        "last": 1467,
        "rows": 59,
        "span": 1426
      },
      "5": {
        "first": 63,
        "last": 1206,
        "rows": 35,
        "span": 1144
      },
      "6": {
        "first": 169,
        "last": 272,
        "rows": 62,
        "span": 104
      },
      "8": {
        "first": 499,
        "last": 1731,
        "rows": 435,
        "span": 1233
      },
      "9": {
        "first": 2043,
        "last": 2917,
        "rows": 443,
        "span": 875
      },
      "10": {
        "first": 36,
        "last": 50,
        "rows": 15,
        "span": 15
      },
      "11": {
        "first": 746,
        "last": 760,
        "rows": 15,
        "span": 15
      },
      "12": {
        "first": 258,
        "last": 1352,
        "rows": 1075,
        "span": 1095
      }
    },
    "rows_off_canonical": 1075,
    "rows_on_canonical": 2788,
    "rows_with_positive_gid": 3863,
    "same_frame_duplicate_rows": 0,
    "stable_canonical_count": 8,
    "stable_count": 9,
    "total_rows": 11374,
    "unique_gids": [
      1,
      2,
      3,
      4,
      5,
      6,
      8,
      9,
      10,
      11,
      12
    ],
    "unique_gids_in_canonical": [
      1,
      2,
      3,
      4,
      5,
      6,
      8,
      9,
      10,
      11
    ]
  },
  "anchor_applied": true,
  "before_anchor": {
    "canonical_coverage": 1.0,
    "per_canonical_rows": {
      "1": 245,
      "2": 1396,
      "3": 83,
      "4": 59,
      "5": 35,
      "6": 62,
      "7": 1075,
      "8": 435,
      "9": 443,
      "10": 15,
      "11": 15
    },
    "per_gid_detail": {
      "1": {
        "first": 9,
        "last": 253,
        "rows": 245,
        "span": 245
      },
      "2": {
        "first": 9,
        "last": 1460,
        "rows": 1396,
        "span": 1452
      },
      "3": {
        "first": 32,
        "last": 133,
        "rows": 83,
        "span": 102
      },
      "4": {
        "first": 42,
        "last": 1467,
        "rows": 59,
        "span": 1426
      },
      "5": {
        "first": 63,
        "last": 1206,
        "rows": 35,
        "span": 1144
      },
      "6": {
        "first": 169,
        "last": 272,
        "rows": 62,
        "span": 104
      },
      "7": {
        "first": 258,
        "last": 1352,
        "rows": 1075,
        "span": 1095
      },
      "8": {
        "first": 499,
        "last": 1731,
        "rows": 435,
        "span": 1233
      },
      "9": {
        "first": 2043,
        "last": 2917,
        "rows": 443,
        "span": 875
      },
      "10": {
        "first": 36,
        "last": 50,
        "rows": 15,
        "span": 15
      },
      "11": {
        "first": 746,
        "last": 760,
        "rows": 15,
        "span": 15
      }
    },
    "rows_off_canonical": 0,
    "rows_on_canonical": 3863,
    "rows_with_positive_gid": 3863,
    "same_frame_duplicate_rows": 0,
    "stable_canonical_count": 9,
    "stable_count": 9,
    "total_rows": 11374,
    "unique_gids": [
      1,
      2,
      3,
      4,
      5,
      6,
      7,
      8,
      9,
      10,
      11
    ],
    "unique_gids_in_canonical": [
      1,
      2,
      3,
      4,
      5,
      6,
      7,
      8,
      9,
      10,
      11
    ]
  },
  "converged_to_11": false
}