window_idx,start_frame,end_frame,score
1,0,48,2.3168553758737853
2,314,397,8.26338151094015
